Influencer,Email,Message Generated,Review Status,Sent,Date,Status,Mode,Attempts,Error,Instagram DM Sent,DM Date
Easy AI Coding,helloeasyaicoding@gmail.com,Yes,GENERATED,No,,Awaiting review (GENERATED),,0,,No,
Data Logic With Shivam,datalogicwithshivam@gmail.com,Yes,GENERATED,No,,Awaiting review (GENERATED),,0,,No,
Coding Master,codingmaster52@gmail.com,Yes,GENERATED,No,,Awaiting review (GENERATED),,0,,No,
Interesting data,Not Found,Yes,GENERATED,No,,Awaiting review (GENERATED),,0,,No,
Patel MernStack,patelstuffs@gmail.com,Yes,GENERATED,No,,Awaiting review (GENERATED),,0,,No,
SUCCESS FAST MODE,rdigitize@gmail.com,Yes,GENERATED,No,,Awaiting review (GENERATED),,0,,No,
Sukhad Anand,Not Found,Yes,GENERATED,No,,Awaiting review (GENERATED),,0,,No,
Mohit Decodes,mohitdecodes@gmail.com,Yes,GENERATED,No,,Awaiting review (GENERATED),,0,,No,
Aaqib Qayoom,collabwithaaqib@gmail.com,Yes,GENERATED,No,,Awaiting review (GENERATED),,0,,No,
Ali Hassan,alihassanux@gmail.com,Yes,GENERATED,No,,Awaiting review (GENERATED),,0,,No,
Sahil Gogna,Not Found,Yes,GENERATED,No,,Awaiting review (GENERATED),,0,,No,
ALL PC GEEK,allpcgeek1@gmail.com,Yes,GENERATED,No,,Awaiting review (GENERATED),,0,,No,
Jake's Tech,jake@jakehulberg.dev,Yes,GENERATED,No,,Awaiting review (GENERATED),,0,,No,
techvyshital,techvyshital@gmail.com,Yes,GENERATED,No,,Awaiting review (GENERATED),,0,,No,
Cloud Guru,cloudgurupayments@gmail.com,Yes,GENERATED,No,,Awaiting review (GENERATED),,0,,No,
Karina Data Scientist,karinadatascientist@gmail.com,Yes,GENERATED,No,,Awaiting review (GENERATED),,0,,No,
Code With Shariq,bussiness.codewithrick@gmail.com,Yes,GENERATED,No,,Awaiting review (GENERATED),,0,,No,
Meera Tamboli,Not Found,Yes,GENERATED,No,,Awaiting review (GENERATED),,0,,No,
Ethical Explorers,ethicalexplorers18@gmail.com,Yes,GENERATED,No,,Awaiting review (GENERATED),,0,,No,
Noodle Brain,iamnoodlebrain@gmail.com,Yes,GENERATED,No,,Awaiting review (GENERATED),,0,,No,
The Geek Monk,thegeekmonk007@gmail.com,Yes,GENERATED,No,,Awaiting review (GENERATED),,0,,No,
Nancy Solanki,thecatalystgirlcollab@gmail.com,Yes,GENERATED,No,,Awaiting review (GENERATED),,0,,No,
Rahul Nath,hello@rahulpnath.com,Yes,GENERATED,No,,Awaiting review (GENERATED),,0,,No,
AI with Nicole,partnerofnicole@gmail.com,Yes,GENERATED,No,,Awaiting review (GENERATED),,0,,No,
Maddy Zhang,contactmaddyz@gmail.com,Yes,GENERATED,No,,Awaiting review (GENERATED),,0,,No,
Creativo,pixlayerdesign1@gmail.com,Yes,GENERATED,No,,Awaiting review (GENERATED),,0,,No,
DesignWithRehana,promo@designwithrehana.com,Yes,GENERATED,No,,Awaiting review (GENERATED),,0,,No,
Heema Jain,heema.jain288@gmail.com,Yes,GENERATED,No,,Awaiting review (GENERATED),,0,,No,
MeghaVerse,meghaversecollaboration@gmail.com,Yes,GENERATED,No,,Awaiting review (GENERATED),,0,,No,
Amaka Ifebunandu (dexcelcoach),dexcelcoach@gmail.com,Yes,GENERATED,No,,Awaiting review (GENERATED),,0,,No,
Fernan | Power BI,fernan@solutionsabroad.co.uk,Yes,GENERATED,No,,Awaiting review (GENERATED),,0,,No,
CloudTech,jobreadytrainings22@gmail.com,Yes,GENERATED,No,,Awaiting review (GENERATED),,0,,No,
UI Collective,kirkland@uicollective.co,Yes,GENERATED,No,,Awaiting review (GENERATED),,0,,No,
Aditya invents,paribrajakravishankarkumar@gmail.com,Yes,GENERATED,No,,Awaiting review (GENERATED),,0,,No,
Faizan BCA,mdfaizansiddique00@gmail.com,Yes,GENERATED,No,,Awaiting review (GENERATED),,0,,No,
Code With Aarohi,aarohisingla1987@gmail.com,Yes,GENERATED,No,,Awaiting review (GENERATED),,0,,No,
AI with Senthil Rajamarthandan,Not Found,Yes,GENERATED,No,,Awaiting review (GENERATED),,0,,No,
BuildWithAI,kristoffer@buildwithai.io,Yes,GENERATED,No,,Awaiting review (GENERATED),,0,,No,
UrBizEdge,team@urbizedge.com,Yes,GENERATED,No,,Awaiting review (GENERATED),,0,,No,
Vishakha Sadhwani,Not Found,Yes,GENERATED,No,,Awaiting review (GENERATED),,0,,No,
CSITMasteryHub,csitmasteryhub@gmail.com,Yes,GENERATED,No,,Awaiting review (GENERATED),,0,,No,
Harshita Verma,harshitavermaworkyt@gmail.com,Yes,GENERATED,No,,Awaiting review (GENERATED),,0,,No,
MANOJ KUMAR EXCEL,excelgurumanoj@gmail.com,Yes,GENERATED,No,,Awaiting review (GENERATED),,0,,No,
Sarvin Style Coding,Not Found,Yes,GENERATED,No,,Awaiting review (GENERATED),,0,,No,
Ai Tricker,Not Found,Yes,GENERATED,No,,Awaiting review (GENERATED),,0,,No,
Absent Data,Not Found,Yes,GENERATED,No,,Awaiting review (GENERATED),,0,,No,
Zain Hassan,hassanzayn687@gmail.com,Yes,GENERATED,No,,Awaiting review (GENERATED),,0,,No,
Shivam Gupta,Not Found,Yes,GENERATED,No,,Awaiting review (GENERATED),,0,,No,
Manware,Not Found,Yes,GENERATED,No,,Awaiting review (GENERATED),,0,,No,
Learn Tech with Ravi,Not Found,Yes,GENERATED,No,,Awaiting review (GENERATED),,0,,No,
Designshala,Not Found,Yes,GENERATED,No,,Awaiting review (GENERATED),,0,,No,
Tech IT Easy With Akash,techiteasywithakash@gmail.com,Yes,GENERATED,No,,Awaiting review (GENERATED),,0,,No,
Tina Chi,tinachiisonline@gmail.com,Yes,GENERATED,No,,Awaiting review (GENERATED),,0,,No,
softwarewithnick,Not Found,Yes,GENERATED,No,,Awaiting review (GENERATED),,0,,No,
Sangam Mukherjee,sangammukherjee2022@gmail.com,Yes,GENERATED,No,,Awaiting review (GENERATED),,0,,No,
Java Goat,Not Found,Yes,GENERATED,No,,Awaiting review (GENERATED),,0,,No,
Ugo Okoh,Not Found,Yes,GENERATED,No,,Awaiting review (GENERATED),,0,,No,
